user_id,category,total_abandoned_sessions,last_activity_time,estimated_lost_revenue_usd
usr_2395,Electronics,1,2026-07-10 23:05:03.000000,561.3
usr_0486,Electronics,1,2026-07-10 22:59:17.000000,561.3
usr_0465,Electronics,1,2026-07-10 18:51:36.000000,561.3
usr_1532,Electronics,1,2026-07-10 15:59:08.000000,561.3
usr_0777,Electronics,1,2026-07-10 15:22:23.000000,561.3
usr_2739,Electronics,1,2026-07-10 14:01:04.000000,561.3
usr_0763,Electronics,1,2026-07-10 09:54:29.000000,561.3
usr_1106,Electronics,1,2026-07-10 07:15:38.000000,561.3
usr_0324,Electronics,1,2026-07-09 23:37:45.000000,561.3
usr_1995,Electronics,1,2026-07-09 22:38:45.000000,561.3
usr_0661,Electronics,1,2026-07-09 21:21:16.000000,561.3
usr_2288,Electronics,1,2026-07-09 21:07:36.000000,561.3
usr_2615,Electronics,1,2026-07-09 20:56:47.000000,561.3
usr_2517,Electronics,1,2026-07-09 19:00:54.000000,561.3
usr_0282,Electronics,1,2026-07-09 14:59:18.000000,561.3
usr_1244,Electronics,1,2026-07-09 14:58:01.000000,561.3
usr_0570,Electronics,1,2026-07-09 14:57:25.000000,561.3
usr_0725,Electronics,1,2026-07-09 12:42:56.000000,561.3
usr_0558,Electronics,1,2026-07-09 11:45:13.000000,561.3
usr_0036,Electronics,1,2026-07-09 10:17:37.000000,561.3
usr_0013,Electronics,1,2026-07-09 08:56:54.000000,561.3
usr_0168,Electronics,1,2026-07-09 06:34:38.000000,561.3
usr_2633,Electronics,1,2026-07-09 05:57:09.000000,561.3
usr_0018,Electronics,1,2026-07-09 04:28:19.000000,561.3
usr_1036,Electronics,1,2026-07-09 01:41:11.000000,561.3
usr_2471,Electronics,1,2026-07-08 19:59:03.000000,561.3
usr_1200,Electronics,1,2026-07-08 18:58:16.000000,561.3
usr_1663,Electronics,1,2026-07-08 17:37:56.000000,561.3
usr_0758,Electronics,1,2026-07-08 16:19:46.000000,561.3
usr_1338,Electronics,1,2026-07-08 15:41:46.000000,561.3
usr_0399,Electronics,1,2026-07-08 14:50:15.000000,561.3
usr_2486,Electronics,1,2026-07-08 13:19:50.000000,561.3
usr_1985,Electronics,1,2026-07-08 13:05:12.000000,561.3
usr_0811,Electronics,1,2026-07-08 11:20:51.000000,561.3
usr_1579,Electronics,1,2026-07-08 07:50:35.000000,561.3
usr_1900,Electronics,1,2026-07-08 05:45:52.000000,561.3
usr_1349,Electronics,1,2026-07-08 03:44:53.000000,561.3
usr_1180,Electronics,1,2026-07-08 02:18:53.000000,561.3
usr_1836,Electronics,1,2026-07-08 00:48:35.000000,561.3
usr_0866,Electronics,1,2026-07-07 22:39:55.000000,561.3
usr_1898,Electronics,1,2026-07-07 21:25:49.000000,561.3
usr_1791,Electronics,1,2026-07-07 21:05:51.000000,561.3
usr_1303,Electronics,1,2026-07-07 20:35:44.000000,561.3
usr_1168,Electronics,1,2026-07-07 20:33:55.000000,561.3
usr_1760,Electronics,1,2026-07-07 20:08:43.000000,561.3
usr_0219,Electronics,1,2026-07-07 20:03:36.000000,561.3
usr_0641,Electronics,1,2026-07-07 19:28:50.000000,561.3
usr_0704,Electronics,1,2026-07-07 19:07:42.000000,561.3
usr_0911,Electronics,1,2026-07-07 15:08:22.000000,561.3
usr_1111,Electronics,1,2026-07-07 11:21:44.000000,561.3
usr_2606,Electronics,1,2026-07-07 07:02:12.000000,561.3
usr_0177,Electronics,1,2026-07-07 03:30:19.000000,561.3
usr_1189,Electronics,1,2026-07-07 02:15:33.000000,561.3
usr_0247,Electronics,1,2026-07-07 01:55:21.000000,561.3
usr_2451,Electronics,1,2026-07-07 00:28:03.000000,561.3
usr_2616,Electronics,1,2026-07-06 23:54:16.000000,561.3
usr_1624,Electronics,1,2026-07-06 22:30:01.000000,561.3
usr_1460,Electronics,1,2026-07-06 19:16:43.000000,561.3
usr_1525,Electronics,1,2026-07-06 17:59:15.000000,561.3
usr_1794,Electronics,1,2026-07-06 15:07:31.000000,561.3
usr_1356,Electronics,1,2026-07-06 10:59:03.000000,561.3
usr_2325,Electronics,1,2026-07-06 10:15:23.000000,561.3
usr_2797,Electronics,1,2026-07-06 09:51:12.000000,561.3
usr_2135,Electronics,1,2026-07-06 08:57:42.000000,561.3
usr_0332,Electronics,1,2026-07-06 08:28:33.000000,561.3
usr_1555,Electronics,1,2026-07-06 02:56:27.000000,561.3
usr_0408,Electronics,1,2026-07-06 01:06:01.000000,561.3
usr_2285,Electronics,1,2026-07-06 00:41:07.000000,561.3
usr_1115,Electronics,1,2026-07-06 00:11:11.000000,561.3
usr_1227,Electronics,1,2026-07-05 22:48:04.000000,561.3
usr_2672,Electronics,1,2026-07-05 19:28:17.000000,561.3
usr_1567,Electronics,1,2026-07-05 16:07:30.000000,561.3
usr_1956,Electronics,1,2026-07-05 13:46:14.000000,561.3
usr_0301,Electronics,1,2026-07-05 13:08:28.000000,561.3
usr_2344,Electronics,1,2026-07-05 07:57:29.000000,561.3
usr_0387,Electronics,1,2026-07-05 06:47:53.000000,561.3
usr_2520,Electronics,1,2026-07-05 00:04:48.000000,561.3
usr_0400,Electronics,1,2026-07-04 23:54:23.000000,561.3
usr_2379,Electronics,1,2026-07-04 23:00:21.000000,561.3
usr_2223,Electronics,1,2026-07-04 22:42:44.000000,561.3
usr_2542,Electronics,1,2026-07-04 22:00:31.000000,561.3
usr_2314,Electronics,1,2026-07-04 13:34:17.000000,561.3
usr_1127,Electronics,1,2026-07-04 08:09:33.000000,561.3
usr_2687,Electronics,1,2026-07-04 06:26:56.000000,561.3
usr_0025,Electronics,1,2026-07-04 06:24:40.000000,561.3
usr_0470,Electronics,1,2026-07-04 04:41:45.000000,561.3
usr_2682,Electronics,1,2026-07-04 00:16:50.000000,561.3
usr_2003,Electronics,1,2026-07-03 21:32:46.000000,561.3
usr_0728,Electronics,1,2026-07-03 19:06:21.000000,561.3
usr_1736,Electronics,1,2026-07-03 17:33:15.000000,561.3
usr_1625,Electronics,1,2026-07-03 11:33:27.000000,561.3
usr_1910,Electronics,1,2026-07-03 10:35:27.000000,561.3
usr_0473,Electronics,1,2026-07-03 07:00:06.000000,561.3
usr_0708,Electronics,1,2026-07-03 06:53:49.000000,561.3
usr_2692,Electronics,1,2026-07-03 06:01:30.000000,561.3
usr_1354,Electronics,1,2026-07-03 03:34:13.000000,561.3
usr_1545,Electronics,1,2026-07-03 00:57:17.000000,561.3
usr_1346,Electronics,1,2026-07-02 22:30:09.000000,561.3
usr_2220,Electronics,1,2026-07-02 20:04:50.000000,561.3
usr_2783,Electronics,1,2026-07-02 16:44:41.000000,561.3
usr_2577,Electronics,1,2026-07-02 13:32:07.000000,561.3
usr_0563,Electronics,1,2026-07-02 12:15:33.000000,561.3
usr_1032,Electronics,1,2026-07-02 10:35:03.000000,561.3
usr_1435,Electronics,1,2026-07-02 10:09:50.000000,561.3
usr_1519,Electronics,1,2026-07-02 09:50:37.000000,561.3
usr_0342,Electronics,1,2026-07-02 08:02:09.000000,561.3
usr_1901,Electronics,1,2026-07-02 06:26:22.000000,561.3
usr_1371,Electronics,1,2026-07-02 03:32:06.000000,561.3
usr_1939,Electronics,1,2026-07-01 20:58:55.000000,561.3
usr_1316,Electronics,1,2026-07-01 19:22:58.000000,561.3
usr_0478,Electronics,1,2026-07-01 16:14:37.000000,561.3
usr_1447,Electronics,1,2026-07-01 15:36:01.000000,561.3
usr_2622,Electronics,1,2026-07-01 11:25:13.000000,561.3
usr_1490,Electronics,1,2026-07-01 10:46:39.000000,561.3
usr_0988,Electronics,1,2026-07-01 08:49:23.000000,561.3
usr_1558,Electronics,1,2026-07-01 07:21:29.000000,561.3
usr_0074,Electronics,1,2026-07-01 07:18:44.000000,561.3
usr_1942,Electronics,1,2026-07-01 06:50:10.000000,561.3
usr_0169,Electronics,1,2026-07-01 04:29:24.000000,561.3
usr_0674,Electronics,1,2026-07-01 04:16:02.000000,561.3
usr_2140,Home & Kitchen,1,2026-07-11 00:03:47.000000,162.53
usr_2722,Home & Kitchen,1,2026-07-10 23:19:40.000000,162.53
usr_1596,Home & Kitchen,1,2026-07-10 22:04:25.000000,162.53
usr_0248,Home & Kitchen,1,2026-07-10 21:48:07.000000,162.53
usr_2246,Home & Kitchen,1,2026-07-10 19:58:43.000000,162.53
usr_1257,Home & Kitchen,1,2026-07-10 09:57:31.000000,162.53
usr_2312,Home & Kitchen,1,2026-07-10 07:37:18.000000,162.53
usr_2072,Home & Kitchen,1,2026-07-10 07:32:28.000000,162.53
usr_1735,Home & Kitchen,1,2026-07-10 04:27:38.000000,162.53
usr_1443,Home & Kitchen,1,2026-07-10 03:43:40.000000,162.53
usr_0434,Home & Kitchen,1,2026-07-10 01:01:13.000000,162.53
usr_1448,Home & Kitchen,1,2026-07-09 21:56:47.000000,162.53
usr_1800,Home & Kitchen,1,2026-07-09 17:24:35.000000,162.53
usr_2429,Home & Kitchen,1,2026-07-09 16:24:32.000000,162.53
usr_0064,Home & Kitchen,1,2026-07-09 15:48:21.000000,162.53
usr_1729,Home & Kitchen,1,2026-07-09 15:23:58.000000,162.53
usr_2158,Home & Kitchen,1,2026-07-09 13:46:18.000000,162.53
usr_2207,Home & Kitchen,1,2026-07-09 13:28:14.000000,162.53
usr_2026,Home & Kitchen,1,2026-07-09 12:07:02.000000,162.53
usr_2374,Home & Kitchen,1,2026-07-09 10:49:38.000000,162.53
usr_2608,Home & Kitchen,1,2026-07-09 03:06:35.000000,162.53
usr_0620,Home & Kitchen,1,2026-07-08 21:33:51.000000,162.53
usr_2154,Home & Kitchen,1,2026-07-08 12:30:48.000000,162.53
usr_0643,Home & Kitchen,1,2026-07-08 11:57:11.000000,162.53
usr_1455,Home & Kitchen,1,2026-07-08 11:43:59.000000,162.53
usr_1907,Home & Kitchen,1,2026-07-08 10:03:45.000000,162.53
usr_1918,Home & Kitchen,1,2026-07-08 08:45:25.000000,162.53
usr_1210,Home & Kitchen,1,2026-07-08 07:57:20.000000,162.53
usr_0962,Home & Kitchen,1,2026-07-08 02:39:45.000000,162.53
usr_1173,Home & Kitchen,1,2026-07-08 02:36:01.000000,162.53
usr_2507,Home & Kitchen,1,2026-07-08 01:04:53.000000,162.53
usr_2789,Home & Kitchen,1,2026-07-08 00:37:38.000000,162.53
usr_0085,Home & Kitchen,1,2026-07-07 23:47:45.000000,162.53
usr_2076,Home & Kitchen,1,2026-07-07 23:41:01.000000,162.53
usr_0745,Home & Kitchen,1,2026-07-07 20:08:38.000000,162.53
usr_0050,Home & Kitchen,1,2026-07-07 19:49:19.000000,162.53
usr_0158,Home & Kitchen,1,2026-07-07 19:46:39.000000,162.53
usr_0945,Home & Kitchen,1,2026-07-07 18:42:12.000000,162.53
usr_0418,Home & Kitchen,1,2026-07-07 16:25:48.000000,162.53
usr_0114,Home & Kitchen,1,2026-07-07 15:44:11.000000,162.53
usr_1156,Home & Kitchen,1,2026-07-07 14:20:09.000000,162.53
usr_2444,Home & Kitchen,1,2026-07-07 11:50:35.000000,162.53
usr_0604,Home & Kitchen,1,2026-07-07 11:25:52.000000,162.53
usr_2508,Home & Kitchen,1,2026-07-07 08:25:48.000000,162.53
usr_1047,Home & Kitchen,1,2026-07-07 07:09:13.000000,162.53
usr_0895,Home & Kitchen,1,2026-07-07 04:59:39.000000,162.53
usr_0710,Home & Kitchen,1,2026-07-07 00:45:19.000000,162.53
usr_1965,Home & Kitchen,1,2026-07-06 23:51:51.000000,162.53
usr_0632,Home & Kitchen,1,2026-07-06 20:10:52.000000,162.53
usr_0743,Home & Kitchen,1,2026-07-06 16:41:58.000000,162.53
usr_2680,Home & Kitchen,1,2026-07-06 16:05:47.000000,162.53
usr_0160,Home & Kitchen,1,2026-07-06 04:53:58.000000,162.53
usr_0571,Home & Kitchen,1,2026-07-06 04:52:40.000000,162.53
usr_0639,Home & Kitchen,1,2026-07-06 00:48:26.000000,162.53
usr_0336,Home & Kitchen,1,2026-07-06 00:02:47.000000,162.53
usr_2090,Home & Kitchen,1,2026-07-05 21:05:33.000000,162.53
usr_1707,Home & Kitchen,1,2026-07-05 17:33:00.000000,162.53
usr_0426,Home & Kitchen,1,2026-07-05 15:12:19.000000,162.53
usr_1407,Home & Kitchen,1,2026-07-05 11:08:14.000000,162.53
usr_0033,Home & Kitchen,1,2026-07-05 06:53:39.000000,162.53
usr_0403,Home & Kitchen,1,2026-07-05 02:53:11.000000,162.53
usr_0688,Home & Kitchen,1,2026-07-05 02:48:01.000000,162.53
usr_1216,Home & Kitchen,1,2026-07-04 23:36:23.000000,162.53
usr_1082,Home & Kitchen,1,2026-07-04 21:34:23.000000,162.53
usr_1400,Home & Kitchen,1,2026-07-04 17:18:14.000000,162.53
usr_1506,Home & Kitchen,1,2026-07-04 17:13:46.000000,162.53
usr_2748,Home & Kitchen,1,2026-07-04 17:03:13.000000,162.53
usr_2094,Home & Kitchen,1,2026-07-04 15:49:16.000000,162.53
usr_1902,Home & Kitchen,1,2026-07-04 13:26:43.000000,162.53
usr_1530,Home & Kitchen,1,2026-07-04 13:07:50.000000,162.53
usr_2127,Home & Kitchen,1,2026-07-04 09:42:28.000000,162.53
usr_2685,Home & Kitchen,1,2026-07-04 08:58:00.000000,162.53
usr_1146,Home & Kitchen,1,2026-07-04 07:27:55.000000,162.53
usr_1298,Home & Kitchen,1,2026-07-04 05:20:23.000000,162.53
usr_2658,Home & Kitchen,1,2026-07-04 03:46:58.000000,162.53
usr_2781,Home & Kitchen,1,2026-07-04 01:11:09.000000,162.53
usr_1182,Home & Kitchen,1,2026-07-03 23:32:58.000000,162.53
usr_1187,Home & Kitchen,1,2026-07-03 22:43:58.000000,162.53
usr_2690,Home & Kitchen,1,2026-07-03 19:08:01.000000,162.53
usr_2350,Home & Kitchen,1,2026-07-03 18:41:15.000000,162.53
usr_2144,Home & Kitchen,1,2026-07-03 18:15:48.000000,162.53
usr_0579,Home & Kitchen,1,2026-07-03 14:43:58.000000,162.53
usr_1892,Home & Kitchen,1,2026-07-03 12:03:32.000000,162.53
usr_1123,Home & Kitchen,1,2026-07-03 10:30:35.000000,162.53
usr_0668,Home & Kitchen,1,2026-07-03 09:13:49.000000,162.53
usr_2579,Home & Kitchen,1,2026-07-03 08:06:23.000000,162.53
usr_2659,Home & Kitchen,1,2026-07-03 07:11:35.000000,162.53
usr_1321,Home & Kitchen,1,2026-07-03 02:35:00.000000,162.53
usr_2644,Home & Kitchen,1,2026-07-02 20:58:13.000000,162.53
usr_2054,Home & Kitchen,1,2026-07-02 20:11:01.000000,162.53
usr_2766,Home & Kitchen,1,2026-07-02 14:48:43.000000,162.53
usr_0532,Home & Kitchen,1,2026-07-02 13:23:05.000000,162.53
usr_2160,Home & Kitchen,1,2026-07-02 12:41:21.000000,162.53
usr_2308,Home & Kitchen,1,2026-07-02 08:09:38.000000,162.53
usr_1703,Home & Kitchen,1,2026-07-02 06:48:32.000000,162.53
usr_0678,Home & Kitchen,1,2026-07-02 06:42:13.000000,162.53
usr_2132,Home & Kitchen,1,2026-07-02 05:44:20.000000,162.53
usr_1339,Home & Kitchen,1,2026-07-02 03:23:54.000000,162.53
usr_0146,Home & Kitchen,1,2026-07-01 22:34:41.000000,162.53
usr_2334,Home & Kitchen,1,2026-07-01 17:28:45.000000,162.53
usr_1631,Home & Kitchen,1,2026-07-01 15:25:03.000000,162.53
usr_2264,Home & Kitchen,1,2026-07-01 14:48:50.000000,162.53
usr_2385,Home & Kitchen,1,2026-07-01 14:14:09.000000,162.53
usr_2757,Home & Kitchen,1,2026-07-01 13:07:03.000000,162.53
usr_0449,Home & Kitchen,1,2026-07-01 10:22:37.000000,162.53
usr_2215,Home & Kitchen,1,2026-07-01 10:02:11.000000,162.53
usr_1688,Home & Kitchen,1,2026-07-01 08:12:17.000000,162.53
usr_0153,Home & Kitchen,1,2026-07-01 05:26:06.000000,162.53
usr_0049,Home & Kitchen,1,2026-07-01 04:08:40.000000,162.53
usr_2263,Home & Kitchen,1,2026-07-01 01:20:45.000000,162.53
usr_1116,Home & Kitchen,1,2026-07-01 00:20:29.000000,162.53
usr_0817,Clothing,1,2026-07-10 20:14:40.000000,85.95
usr_0053,Clothing,1,2026-07-10 18:28:34.000000,85.95
usr_1307,Clothing,1,2026-07-10 15:51:22.000000,85.95
usr_2477,Clothing,1,2026-07-10 14:24:04.000000,85.95
usr_2594,Clothing,1,2026-07-10 13:36:32.000000,85.95
usr_1999,Clothing,1,2026-07-10 13:18:44.000000,85.95
usr_2762,Clothing,1,2026-07-10 11:53:53.000000,85.95
usr_2105,Clothing,1,2026-07-10 08:37:33.000000,85.95
usr_2630,Clothing,1,2026-07-10 07:09:17.000000,85.95
usr_1167,Clothing,1,2026-07-10 07:09:03.000000,85.95
usr_2237,Clothing,1,2026-07-10 06:51:52.000000,85.95
usr_1629,Clothing,1,2026-07-10 04:13:38.000000,85.95
usr_0907,Clothing,1,2026-07-10 01:22:45.000000,85.95
usr_1390,Clothing,1,2026-07-10 00:53:17.000000,85.95
usr_0992,Clothing,1,2026-07-09 21:48:02.000000,85.95
usr_2305,Clothing,1,2026-07-09 19:08:33.000000,85.95
usr_1651,Clothing,1,2026-07-09 18:37:28.000000,85.95
usr_0540,Clothing,1,2026-07-09 17:56:05.000000,85.95
usr_2494,Clothing,1,2026-07-09 13:56:54.000000,85.95
usr_0002,Clothing,1,2026-07-09 13:32:07.000000,85.95
usr_1599,Clothing,1,2026-07-09 12:42:31.000000,85.95
usr_2460,Clothing,1,2026-07-09 11:16:49.000000,85.95
usr_1301,Clothing,1,2026-07-09 03:20:20.000000,85.95
usr_0040,Clothing,1,2026-07-09 02:02:13.000000,85.95
usr_1662,Clothing,1,2026-07-08 23:41:58.000000,85.95
usr_0609,Clothing,1,2026-07-08 19:33:14.000000,85.95
usr_1067,Clothing,1,2026-07-08 17:13:52.000000,85.95
usr_0517,Clothing,1,2026-07-08 15:15:00.000000,85.95
usr_1352,Clothing,1,2026-07-08 11:46:49.000000,85.95
usr_1159,Clothing,1,2026-07-08 08:59:55.000000,85.95
usr_1422,Clothing,1,2026-07-08 04:04:06.000000,85.95
usr_2514,Clothing,1,2026-07-08 03:57:56.000000,85.95
usr_1934,Clothing,1,2026-07-08 03:05:42.000000,85.95
usr_1367,Clothing,1,2026-07-07 22:46:45.000000,85.95
usr_0585,Clothing,1,2026-07-07 20:45:40.000000,85.95
usr_0380,Clothing,1,2026-07-07 20:20:29.000000,85.95
usr_2290,Clothing,1,2026-07-07 19:51:37.000000,85.95
usr_2110,Clothing,1,2026-07-07 18:04:38.000000,85.95
usr_0159,Clothing,1,2026-07-07 15:13:03.000000,85.95
usr_1234,Clothing,1,2026-07-07 13:53:10.000000,85.95
usr_1450,Clothing,1,2026-07-07 13:37:06.000000,85.95
usr_1761,Clothing,1,2026-07-07 10:25:23.000000,85.95
usr_1153,Clothing,1,2026-07-07 07:23:10.000000,85.95
usr_1818,Clothing,1,2026-07-07 06:59:47.000000,85.95
usr_0383,Clothing,1,2026-07-07 04:54:47.000000,85.95
usr_1254,Clothing,1,2026-07-07 04:27:35.000000,85.95
usr_1275,Clothing,1,2026-07-07 04:20:38.000000,85.95
usr_1043,Clothing,1,2026-07-07 01:51:32.000000,85.95
usr_1739,Clothing,1,2026-07-07 01:35:22.000000,85.95
usr_2239,Clothing,1,2026-07-07 01:26:42.000000,85.95
usr_1838,Clothing,1,2026-07-06 23:18:01.000000,85.95
usr_1471,Clothing,1,2026-07-06 22:47:26.000000,85.95
usr_0838,Clothing,1,2026-07-06 17:30:54.000000,85.95
usr_1439,Clothing,1,2026-07-06 15:15:54.000000,85.95
usr_0306,Clothing,1,2026-07-06 10:36:24.000000,85.95
usr_2330,Clothing,1,2026-07-06 09:36:47.000000,85.95
usr_0498,Clothing,1,2026-07-06 09:19:44.000000,85.95
usr_2631,Clothing,1,2026-07-06 07:12:16.000000,85.95
usr_1712,Clothing,1,2026-07-06 05:20:03.000000,85.95
usr_0007,Clothing,1,2026-07-06 01:26:15.000000,85.95
usr_0345,Clothing,1,2026-07-06 00:48:33.000000,85.95
usr_0216,Clothing,1,2026-07-05 12:13:37.000000,85.95
usr_0474,Clothing,1,2026-07-05 12:05:43.000000,85.95
usr_0172,Clothing,1,2026-07-05 09:40:08.000000,85.95
usr_1878,Clothing,1,2026-07-05 09:29:54.000000,85.95
usr_1550,Clothing,1,2026-07-05 08:45:43.000000,85.95
usr_0296,Clothing,1,2026-07-05 04:58:46.000000,85.95
usr_1619,Clothing,1,2026-07-05 04:54:43.000000,85.95
usr_2502,Clothing,1,2026-07-05 02:45:21.000000,85.95
usr_2304,Clothing,1,2026-07-04 20:27:30.000000,85.95
usr_0249,Clothing,1,2026-07-04 19:40:18.000000,85.95
usr_1948,Clothing,1,2026-07-04 19:11:22.000000,85.95
usr_2715,Clothing,1,2026-07-04 17:39:12.000000,85.95
usr_2400,Clothing,1,2026-07-04 15:32:08.000000,85.95
usr_1511,Clothing,1,2026-07-04 12:23:12.000000,85.95
usr_1164,Clothing,1,2026-07-04 12:01:02.000000,85.95
usr_1287,Clothing,1,2026-07-04 10:37:28.000000,85.95
usr_0871,Clothing,1,2026-07-04 10:36:47.000000,85.95
usr_2718,Clothing,1,2026-07-04 09:44:05.000000,85.95
usr_1233,Clothing,1,2026-07-04 07:12:53.000000,85.95
usr_0020,Clothing,1,2026-07-04 02:28:23.000000,85.95
usr_0264,Clothing,1,2026-07-04 02:01:32.000000,85.95
usr_1690,Clothing,1,2026-07-03 19:34:45.000000,85.95
usr_1723,Clothing,1,2026-07-03 18:32:38.000000,85.95
usr_1590,Clothing,1,2026-07-03 17:00:23.000000,85.95
usr_1467,Clothing,1,2026-07-03 16:58:51.000000,85.95
usr_0276,Clothing,1,2026-07-03 15:31:44.000000,85.95
usr_1013,Clothing,1,2026-07-03 12:23:12.000000,85.95
usr_1877,Clothing,1,2026-07-03 06:39:21.000000,85.95
usr_1821,Clothing,1,2026-07-03 00:51:56.000000,85.95
usr_0814,Clothing,1,2026-07-02 22:32:14.000000,85.95
usr_1880,Clothing,1,2026-07-02 21:30:30.000000,85.95
usr_1953,Clothing,1,2026-07-02 19:09:52.000000,85.95
usr_0670,Clothing,1,2026-07-02 16:16:51.000000,85.95
usr_1124,Clothing,1,2026-07-02 16:03:37.000000,85.95
usr_1831,Clothing,1,2026-07-02 15:32:35.000000,85.95
usr_2036,Clothing,1,2026-07-02 14:57:44.000000,85.95
usr_0066,Clothing,1,2026-07-02 13:40:48.000000,85.95
usr_2165,Clothing,1,2026-07-02 11:12:40.000000,85.95
usr_0851,Clothing,1,2026-07-02 10:26:05.000000,85.95
usr_1019,Clothing,1,2026-07-02 10:00:17.000000,85.95
usr_1005,Clothing,1,2026-07-02 09:55:57.000000,85.95
usr_0663,Clothing,1,2026-07-02 07:46:42.000000,85.95
usr_1766,Clothing,1,2026-07-02 07:45:57.000000,85.95
usr_1325,Clothing,1,2026-07-02 07:45:09.000000,85.95
usr_2228,Clothing,1,2026-07-02 07:37:05.000000,85.95
usr_1616,Clothing,1,2026-07-02 05:23:39.000000,85.95
usr_2462,Clothing,1,2026-07-02 03:30:19.000000,85.95
usr_1132,Clothing,1,2026-07-02 03:15:00.000000,85.95
usr_1752,Clothing,1,2026-07-02 00:38:30.000000,85.95
usr_2761,Clothing,1,2026-07-01 23:07:44.000000,85.95
usr_2562,Clothing,1,2026-07-01 22:27:09.000000,85.95
usr_0748,Clothing,1,2026-07-01 20:35:23.000000,85.95
usr_2296,Clothing,1,2026-07-01 19:39:27.000000,85.95
usr_1345,Clothing,1,2026-07-01 19:08:27.000000,85.95
usr_1239,Clothing,1,2026-07-01 18:59:34.000000,85.95
usr_0652,Clothing,1,2026-07-01 17:36:24.000000,85.95
usr_0766,Clothing,1,2026-07-01 16:11:57.000000,85.95
usr_1582,Clothing,1,2026-07-01 15:30:03.000000,85.95
usr_0976,Clothing,1,2026-07-01 12:27:18.000000,85.95
usr_1654,Clothing,1,2026-07-01 11:55:14.000000,85.95
usr_1361,Clothing,1,2026-07-01 03:17:42.000000,85.95
usr_2084,Clothing,1,2026-07-01 00:42:46.000000,85.95
usr_2463,Books,1,2026-07-11 00:12:09.000000,26.62
usr_1593,Books,1,2026-07-10 23:37:03.000000,26.62
usr_2292,Books,1,2026-07-10 23:00:18.000000,26.62
usr_0182,Books,1,2026-07-10 20:54:29.000000,26.62
usr_2425,Books,1,2026-07-10 18:20:44.000000,26.62
usr_1920,Books,1,2026-07-10 16:14:46.000000,26.62
usr_2254,Books,1,2026-07-10 11:55:24.000000,26.62
usr_0790,Books,1,2026-07-10 05:48:11.000000,26.62
usr_1916,Books,1,2026-07-10 03:48:17.000000,26.62
usr_2023,Books,1,2026-07-10 03:39:23.000000,26.62
usr_0444,Books,1,2026-07-10 01:35:23.000000,26.62
usr_1576,Books,1,2026-07-09 23:15:55.000000,26.62
usr_1561,Books,1,2026-07-09 21:25:23.000000,26.62
usr_1835,Books,1,2026-07-09 20:28:31.000000,26.62
usr_0499,Books,1,2026-07-09 19:52:51.000000,26.62
usr_0731,Books,1,2026-07-09 19:18:49.000000,26.62
usr_1839,Books,1,2026-07-09 17:10:01.000000,26.62
usr_1037,Books,1,2026-07-09 16:01:25.000000,26.62
usr_0429,Books,1,2026-07-09 15:30:42.000000,26.62
usr_1219,Books,1,2026-07-09 13:55:53.000000,26.62
usr_0599,Books,1,2026-07-09 13:42:12.000000,26.62
usr_1967,Books,1,2026-07-09 13:36:04.000000,26.62
usr_0291,Books,1,2026-07-09 13:00:25.000000,26.62
usr_0648,Books,1,2026-07-09 08:58:31.000000,26.62
usr_0951,Books,1,2026-07-09 06:14:09.000000,26.62
usr_0534,Books,1,2026-07-09 06:09:23.000000,26.62
usr_0109,Books,1,2026-07-09 00:56:37.000000,26.62
usr_1544,Books,1,2026-07-09 00:05:57.000000,26.62
usr_1258,Books,1,2026-07-08 18:21:10.000000,26.62
usr_2022,Books,1,2026-07-08 17:49:45.000000,26.62
usr_1041,Books,1,2026-07-08 16:53:56.000000,26.62
usr_0675,Books,1,2026-07-08 16:43:07.000000,26.62
usr_0590,Books,1,2026-07-08 15:29:11.000000,26.62
usr_0574,Books,1,2026-07-08 14:42:00.000000,26.62
usr_0080,Books,1,2026-07-08 14:01:57.000000,26.62
usr_2662,Books,1,2026-07-08 12:31:01.000000,26.62
usr_1094,Books,1,2026-07-08 11:53:36.000000,26.62
usr_0746,Books,1,2026-07-08 06:03:20.000000,26.62
usr_0359,Books,1,2026-07-08 05:24:04.000000,26.62
usr_1832,Books,1,2026-07-08 03:55:10.000000,26.62
usr_0409,Books,1,2026-07-08 01:21:09.000000,26.62
usr_0937,Books,1,2026-07-08 01:20:31.000000,26.62
usr_0683,Books,1,2026-07-07 23:39:50.000000,26.62
usr_0076,Books,1,2026-07-07 22:32:38.000000,26.62
usr_0024,Books,1,2026-07-07 15:15:13.000000,26.62
usr_2057,Books,1,2026-07-07 14:51:13.000000,26.62
usr_0564,Books,1,2026-07-07 13:04:06.000000,26.62
usr_1822,Books,1,2026-07-07 12:56:52.000000,26.62
usr_1130,Books,1,2026-07-07 12:02:48.000000,26.62
usr_1845,Books,1,2026-07-07 09:09:08.000000,26.62
usr_2750,Books,1,2026-07-07 08:13:49.000000,26.62
usr_1056,Books,1,2026-07-07 05:31:56.000000,26.62
usr_1147,Books,1,2026-07-07 05:20:03.000000,26.62
usr_2784,Books,1,2026-07-06 22:27:29.000000,26.62
usr_0485,Books,1,2026-07-06 21:24:29.000000,26.62
usr_1798,Books,1,2026-07-06 19:47:14.000000,26.62
usr_0779,Books,1,2026-07-06 15:57:31.000000,26.62
usr_2663,Books,1,2026-07-06 13:54:26.000000,26.62
usr_1423,Books,1,2026-07-06 08:21:58.000000,26.62
usr_2786,Books,1,2026-07-06 05:39:49.000000,26.62
usr_1799,Books,1,2026-07-06 05:24:41.000000,26.62
usr_1365,Books,1,2026-07-06 04:09:22.000000,26.62
usr_0373,Books,1,2026-07-06 03:03:46.000000,26.62
usr_1263,Books,1,2026-07-06 02:45:15.000000,26.62
usr_1199,Books,1,2026-07-05 23:39:06.000000,26.62
usr_1430,Books,1,2026-07-05 22:25:29.000000,26.62
usr_1413,Books,1,2026-07-05 22:22:54.000000,26.62
usr_2712,Books,1,2026-07-05 22:10:06.000000,26.62
usr_0246,Books,1,2026-07-05 17:11:38.000000,26.62
usr_0199,Books,1,2026-07-05 12:46:33.000000,26.62
usr_1737,Books,1,2026-07-05 08:14:06.000000,26.62
usr_0170,Books,1,2026-07-05 07:06:10.000000,26.62
usr_0307,Books,1,2026-07-05 04:32:55.000000,26.62
usr_0038,Books,1,2026-07-05 01:14:22.000000,26.62
usr_1717,Books,1,2026-07-05 01:10:31.000000,26.62
usr_2734,Books,1,2026-07-05 00:25:11.000000,26.62
usr_2376,Books,1,2026-07-04 17:44:23.000000,26.62
usr_1157,Books,1,2026-07-04 12:23:29.000000,26.62
usr_1143,Books,1,2026-07-04 12:21:20.000000,26.62
usr_0263,Books,1,2026-07-04 07:04:57.000000,26.62
usr_2346,Books,1,2026-07-04 05:58:37.000000,26.62
usr_1726,Books,1,2026-07-04 05:32:06.000000,26.62
usr_0127,Books,1,2026-07-03 22:33:10.000000,26.62
usr_0254,Books,1,2026-07-03 21:35:29.000000,26.62
usr_1357,Books,1,2026-07-03 20:30:59.000000,26.62
usr_0250,Books,1,2026-07-03 20:20:50.000000,26.62
usr_0597,Books,1,2026-07-03 19:26:21.000000,26.62
usr_0382,Books,1,2026-07-03 15:23:28.000000,26.62
usr_0631,Books,1,2026-07-03 14:18:52.000000,26.62
usr_2794,Books,1,2026-07-03 14:05:38.000000,26.62
usr_2067,Books,1,2026-07-03 13:52:59.000000,26.62
usr_0853,Books,1,2026-07-03 12:33:00.000000,26.62
usr_0493,Books,1,2026-07-03 11:01:36.000000,26.62
usr_0588,Books,1,2026-07-03 07:15:19.000000,26.62
usr_0521,Books,1,2026-07-03 02:59:23.000000,26.62
usr_1621,Books,1,2026-07-03 02:10:35.000000,26.62
usr_2678,Books,1,2026-07-03 01:59:18.000000,26.62
usr_2626,Books,1,2026-07-03 01:26:02.000000,26.62
usr_1314,Books,1,2026-07-03 01:10:52.000000,26.62
usr_0671,Books,1,2026-07-03 00:52:51.000000,26.62
usr_0709,Books,1,2026-07-03 00:43:19.000000,26.62
usr_1386,Books,1,2026-07-02 16:06:05.000000,26.62
usr_1315,Books,1,2026-07-02 15:21:36.000000,26.62
usr_2417,Books,1,2026-07-02 11:45:01.000000,26.62
usr_1889,Books,1,2026-07-02 11:00:42.000000,26.62
usr_0531,Books,1,2026-07-02 09:03:58.000000,26.62
usr_2125,Books,1,2026-07-02 05:06:25.000000,26.62
usr_0143,Books,1,2026-07-02 04:19:17.000000,26.62
usr_2175,Books,1,2026-07-02 02:56:20.000000,26.62
usr_0091,Books,1,2026-07-02 02:41:05.000000,26.62
usr_0642,Books,1,2026-07-02 02:22:40.000000,26.62
usr_0915,Books,1,2026-07-02 02:10:41.000000,26.62
usr_0090,Books,1,2026-07-02 00:45:55.000000,26.62
usr_2567,Books,1,2026-07-01 21:33:38.000000,26.62
usr_1949,Books,1,2026-07-01 21:05:08.000000,26.62
usr_1566,Books,1,2026-07-01 18:04:13.000000,26.62
usr_2684,Books,1,2026-07-01 17:40:46.000000,26.62
usr_0299,Books,1,2026-07-01 17:34:11.000000,26.62
usr_2478,Books,1,2026-07-01 13:18:01.000000,26.62
usr_2005,Books,1,2026-07-01 13:16:21.000000,26.62
usr_1733,Books,1,2026-07-01 12:55:02.000000,26.62
usr_0252,Books,1,2026-07-01 11:30:58.000000,26.62
usr_0163,Books,1,2026-07-01 09:57:05.000000,26.62
usr_2103,Books,1,2026-07-01 09:40:50.000000,26.62
usr_1706,Books,1,2026-07-01 09:06:36.000000,26.62
usr_1403,Books,1,2026-07-01 08:37:00.000000,26.62
usr_2348,Books,1,2026-07-01 05:49:43.000000,26.62
usr_1026,Books,1,2026-07-01 05:29:51.000000,26.62
usr_0660,Books,1,2026-07-01 04:04:25.000000,26.62
usr_1465,Books,1,2026-07-01 03:32:33.000000,26.62
usr_2156,Books,1,2026-07-01 02:57:02.000000,26.62
